Rank,Keyword,tag
1,mattress,Generic
2,mattress single,Generic
3,sleepwell mattress,Sleepwell
4,single bed mattress,Generic
5,bed mattress,Generic
6,flo mattress,Flo
7,wakefit mattress,Wakefit
8,emma mattress,Emma
9,double bed mattress,Generic
10,mattress double bed,Generic
11,memory foam mattress,Generic
12,mattress king size 78x72,Generic
13,mattress online,Generic
14,mattress double,Generic
15,king size mattress,Generic
16,foam mattress,Generic
17,orthopedic mattress,Generic
18,kurlon mattress,Kurlon
19,mattress price,Generic
20,queen size mattress,Generic
21,latex mattress,Generic
22,single mattress,Generic
23,mattress king size,Generic
24,mattress shop near me,Generic
25,buy mattress online india,Generic
26,duroflex mattress,Duroflex
27,mattress single bed,Generic
28,the sleep company mattress,The Sleep Company
29,mattress store near me,Generic
30,spring mattress,Generic
31,nilkamal mattress,Nilkamal
32,matress,Generic
33,sleepwell mattress double bed,Sleepwell
34,mattress queen size 78x60,Generic
35,queen size bed mattress,Generic
36,wakefit mattress king size 78x72,Wakefit
37,emma mattresses king size,Emma
38,best mattress in india,Generic
39,mattress queen size,Generic
40,mattress for back pain,Generic
41,mattress under 10000,Generic
42,coir mattress,Generic
43,gadda,Generic
44,mattress price in india,Generic
45,foldable mattress india,Generic
46,best mattress for back pain india,Generic
47,mattress under 5000,Generic
48,peps mattress,Peps
49,wakefit,Wakefit
50,bed mattress double bed,Generic
51,wakefit orthopedic mattress,Wakefit
52,sleepycat mattress,Sleepycat
53,best orthopedic mattress india,Generic
54,mattress under 15000,Generic
55,mattress 6x6,Generic
56,natural latex mattress,Generic
57,mattress 6x4,Generic
58,best memory foam mattress india,Generic
59,double bed,Generic
60,duroflex mattress king size 78x72,Duroflex
61,single bed mattress 6x3 feet,Generic
62,emma mattresses queen size,Emma
63,mattress dealers near me,Generic
64,emma mattresses double size,Emma
65,wakefit mattress queen size,Wakefit
66,wake fit mattress,Wakefit
67,flo mattress king size 78x72x6,Flo
68,single mattress bed,Generic
69,mattress single bed 3 x 6 feet,Generic
70,gadda single bed,Generic
71,orthopedic mattress king size,Generic
72,latex mattress king size 78x72,Generic
73,sleepycat mattresses,Sleepycat
74,floor mattress for sleeping,Generic
75,gadda double bed,Generic
76,foldable mattress for floor,Generic
77,kurlon mattress king size 78x72,Kurlon
78,cheap mattress online india,Generic
79,ortho mattress,Generic
80,emma mattresses single bed,Emma
81,sleepwell mattress single bed 6x3,Sleepwell
82,latex mattress queen size,Generic
83,mattress for back pain relief,Generic
84,bed queen size,Generic
85,folding mattress for floor,Generic
86,single bed,Generic
87,mattress 6x3,Generic
88,mattress protector india,Generic
89,floor mattress india,Generic
90,mattress topper india,Generic
91,which mattress is best for health,Generic
92,mattress under 20000,Generic
93,folding mattress,Generic
94,centuary mattress,Centuary
95,emma mattress 4 x 6 size bed,Emma
96,folding bed single for sleeping,Generic
97,gadda for bed double,Generic
98,spring single mattress,Generic
99,mattresses,Generic
100,king size mattress 78x72,Generic
101,flow mattress,Flo
102,matress 6x6,Generic
103,foldable bed mattress,Generic
104,best latex mattress india,Generic
105,gadda price,Generic
106,affordable mattress india,Generic
107,springtek mattress,Springtek
108,mattress online india free delivery,Generic
109,matress 4x6,Generic
110,high density foam mattress,Generic
111,pocket spring mattress,Generic
112,mattress size chart india,Generic
113,best gadda india,Generic
114,sofa cum bed mattress,Generic
115,best mattress for side sleepers india,Generic
116,mattress buying guide india,Generic
117,soft mattress india,Generic
118,hybrid mattress india,Generic
119,emma mattresses double,Emma
120,mattress for kids india,Generic
121,how to choose mattress india,Generic
122,sleep company ortho mattress,The Sleep Company
123,foldable mattress,Generic
124,best mattress for couples india,Generic
125,hr foam mattress,Generic
126,firm mattress india,Generic
127,latex vs memory foam mattress india,Generic
128,rebonded foam mattress,Generic
129,foam mattress single bed,Generic
130,gadar double bed,Generic
131,mattress with 100 night trial india,Generic
132,ortho vs memory foam mattress,Generic
133,cooling mattress india,Generic
134,mattress for elderly,Generic
135,gel memory foam mattress,Generic
136,double mattress,Generic
137,sleepyhead mattress,Sleepyhead
138,spring vs foam mattress india,Generic
139,flo mattress double bed,Flo
140,mattress thickness guide india,Generic
141,mattress firmness guide india,Generic
142,mattress foam,Generic
143,flow mattresses,Flo
144,folding mattress single bed,Generic
145,mattress 72x72,Generic
146,sleepy cat mattresses,Sleepycat
147,wakefit mattresses,Wakefit
148,flo mattress double bed 72x48,Flo
149,spring double mattress,Generic
150,latex single mattress,Generic
151,mattress 4 x 6 size,Generic
152,mattress king size 72x72,Generic
153,sleep well mattress king size,Sleepwell
154,double bed mattress king size,Generic
155,wakefit mattress single bed,Wakefit
156,sleepwell mattress king size,Sleepwell
157,duroflex mattress queen size 78x60,Duroflex
158,kurlon mattress queen size 78x60,Kurlon
159,mattress queen,Generic
160,sleepwell,Sleepwell
161,sleepy head mattresses,Sleepyhead
162,single cot mattress,Generic
163,flo mattress queen size,Flo
164,orthopedic mattress queen size,Generic
165,folding bed single with mattress,Generic
166,emma mattresses king,Emma
167,wakefit bed mattress,Wakefit
168,soft mattress,Generic
169,foam mattress double bed,Generic
170,mattress bed,Generic
171,ortho mattress double bed,Generic
172,double bed mattress sleepwell,Sleepwell
173,foldable mattress for adults,Generic
174,sleep company mattress,The Sleep Company
175,mattress foldable,Generic
176,sleepwell mattress 72x72,Sleepwell
177,soft mattress double bed,Generic
178,mattress sleepwell,Sleepwell
179,flo ortho mattress,Flo
180,folding mattress single,Generic
181,bed king size mattress,Generic
182,sleepwell mattress double bed 6x6,Sleepwell
183,dunlop mattress,Dunlop
184,flo mattress king size,Flo
185,emma mattress queen size,Emma
186,kurlon mattress 78x72,Kurlon
187,emma mattress single bed,Emma
188,6x4 bed mattress,Generic
189,mattress double bed 6 6,Generic
190,foam bed,Generic
191,72x48 bed mattress,Generic
192,curlon mattress,Kurlon
193,sleepwell mattress single bed,Sleepwell
194,foam mattress for sofa,Generic
195,flo anti gravity mattress,Flo
196,spring mattress double bed,Generic
197,foldable bed mattress double,Generic
198,wakefit latex mattress,Wakefit
199,grid,Sleepwell
200,smart grid,Sleepwell
